Name,Minimum,Maximum,Length,Coverage,Polymorphism Type,Variant Frequency,Track Name,Variant Nucleotide(s),Variant Raw Frequency,Variant Sequences
A/G,69,69,1,2,SNP,50.0%/50.0%,Variants,A/G,1/1,"452_PA_length_2233_cov_1035.014960_pilon, 458_PA_length_2233_cov_635.985988_pilon"
C/T,82,82,1,2,SNP,50.0%/50.0%,Variants,C/T,1/1,"452_PA_length_2233_cov_1035.014960_pilon, 458_PA_length_2233_cov_635.985988_pilon"
C/T,96,96,1,2,SNP,50.0%/50.0%,Variants,C/T,1/1,"452_PA_length_2233_cov_1035.014960_pilon, 458_PA_length_2233_cov_635.985988_pilon"
C/T,105,105,1,2,SNP,50.0%/50.0%,Variants,C/T,1/1,"452_PA_length_2233_cov_1035.014960_pilon, 458_PA_length_2233_cov_635.985988_pilon"
A/G,120,120,1,2,SNP,50.0%/50.0%,Variants,A/G,1/1,"452_PA_length_2233_cov_1035.014960_pilon, 458_PA_length_2233_cov_635.985988_pilon"
C/T,123,123,1,2,SNP,50.0%/50.0%,Variants,C/T,1/1,"452_PA_length_2233_cov_1035.014960_pilon, 458_PA_length_2233_cov_635.985988_pilon"
C/T,132,132,1,2,SNP,50.0%/50.0%,Variants,C/T,1/1,"452_PA_length_2233_cov_1035.014960_pilon, 458_PA_length_2233_cov_635.985988_pilon"
C/T,150,150,1,2,SNP,50.0%/50.0%,Variants,C/T,1/1,"452_PA_length_2233_cov_1035.014960_pilon, 458_PA_length_2233_cov_635.985988_pilon"
C/T,162,162,1,2,SNP,50.0%/50.0%,Variants,C/T,1/1,"452_PA_length_2233_cov_1035.014960_pilon, 458_PA_length_2233_cov_635.985988_pilon"
A/G,170,170,1,2,SNP,50.0%/50.0%,Variants,A/G,1/1,"452_PA_length_2233_cov_1035.014960_pilon, 458_PA_length_2233_cov_635.985988_pilon"
A/G,181,181,1,2,SNP,50.0%/50.0%,Variants,A/G,1/1,"452_PA_length_2233_cov_1035.014960_pilon, 458_PA_length_2233_cov_635.985988_pilon"
A/T,183,183,1,2,SNP,50.0%/50.0%,Variants,A/T,1/1,"452_PA_length_2233_cov_1035.014960_pilon, 458_PA_length_2233_cov_635.985988_pilon"
C/T,201,201,1,2,SNP,50.0%/50.0%,Variants,C/T,1/1,"452_PA_length_2233_cov_1035.014960_pilon, 458_PA_length_2233_cov_635.985988_pilon"
A/G,204,204,1,2,SNP,50.0%/50.0%,Variants,A/G,1/1,"452_PA_length_2233_cov_1035.014960_pilon, 458_PA_length_2233_cov_635.985988_pilon"
C/T,211,211,1,2,SNP,50.0%/50.0%,Variants,C/T,1/1,"452_PA_length_2233_cov_1035.014960_pilon, 458_PA_length_2233_cov_635.985988_pilon"
A/G,213,213,1,2,SNP,50.0%/50.0%,Variants,A/G,1/1,"452_PA_length_2233_cov_1035.014960_pilon, 458_PA_length_2233_cov_635.985988_pilon"
C/T,214,214,1,2,SNP,50.0%/50.0%,Variants,C/T,1/1,"452_PA_length_2233_cov_1035.014960_pilon, 458_PA_length_2233_cov_635.985988_pilon"
A/G,216,216,1,2,SNP,50.0%/50.0%,Variants,A/G,1/1,"452_PA_length_2233_cov_1035.014960_pilon, 458_PA_length_2233_cov_635.985988_pilon"
A/G,231,231,1,2,SNP,50.0%/50.0%,Variants,A/G,1/1,"452_PA_length_2233_cov_1035.014960_pilon, 458_PA_length_2233_cov_635.985988_pilon"
A/C,250,250,1,2,SNP,50.0%/50.0%,Variants,A/C,1/1,"452_PA_length_2233_cov_1035.014960_pilon, 458_PA_length_2233_cov_635.985988_pilon"
A/G,252,252,1,2,SNP,50.0%/50.0%,Variants,A/G,1/1,"452_PA_length_2233_cov_1035.014960_pilon, 458_PA_length_2233_cov_635.985988_pilon"
C/T,254,254,1,2,SNP,50.0%/50.0%,Variants,C/T,1/1,"452_PA_length_2233_cov_1035.014960_pilon, 458_PA_length_2233_cov_635.985988_pilon"
C/T,255,255,1,2,SNP,50.0%/50.0%,Variants,C/T,1/1,"452_PA_length_2233_cov_1035.014960_pilon, 458_PA_length_2233_cov_635.985988_pilon"
A/G,270,270,1,2,SNP,50.0%/50.0%,Variants,A/G,1/1,"452_PA_length_2233_cov_1035.014960_pilon, 458_PA_length_2233_cov_635.985988_pilon"
A/C,282,282,1,2,SNP,50.0%/50.0%,Variants,A/C,1/1,"452_PA_length_2233_cov_1035.014960_pilon, 458_PA_length_2233_cov_635.985988_pilon"
C/T,285,285,1,2,SNP,50.0%/50.0%,Variants,C/T,1/1,"452_PA_length_2233_cov_1035.014960_pilon, 458_PA_length_2233_cov_635.985988_pilon"
A/C,291,291,1,2,SNP,50.0%/50.0%,Variants,A/C,1/1,"452_PA_length_2233_cov_1035.014960_pilon, 458_PA_length_2233_cov_635.985988_pilon"
G/T,321,321,1,2,SNP,50.0%/50.0%,Variants,G/T,1/1,"452_PA_length_2233_cov_1035.014960_pilon, 458_PA_length_2233_cov_635.985988_pilon"
A/G,327,327,1,2,SNP,50.0%/50.0%,Variants,A/G,1/1,"452_PA_length_2233_cov_1035.014960_pilon, 458_PA_length_2233_cov_635.985988_pilon"
C/T,330,330,1,2,SNP,50.0%/50.0%,Variants,C/T,1/1,"452_PA_length_2233_cov_1035.014960_pilon, 458_PA_length_2233_cov_635.985988_pilon"
C/T,333,333,1,2,SNP,50.0%/50.0%,Variants,C/T,1/1,"452_PA_length_2233_cov_1035.014960_pilon, 458_PA_length_2233_cov_635.985988_pilon"
C/T,345,345,1,2,SNP,50.0%/50.0%,Variants,C/T,1/1,"452_PA_length_2233_cov_1035.014960_pilon, 458_PA_length_2233_cov_635.985988_pilon"
A/G,348,348,1,2,SNP,50.0%/50.0%,Variants,A/G,1/1,"452_PA_length_2233_cov_1035.014960_pilon, 458_PA_length_2233_cov_635.985988_pilon"
A/G,352,352,1,2,SNP,50.0%/50.0%,Variants,A/G,1/1,"452_PA_length_2233_cov_1035.014960_pilon, 458_PA_length_2233_cov_635.985988_pilon"
A/G,366,366,1,2,SNP,50.0%/50.0%,Variants,A/G,1/1,"452_PA_length_2233_cov_1035.014960_pilon, 458_PA_length_2233_cov_635.985988_pilon"
A/C,370,370,1,2,SNP,50.0%/50.0%,Variants,A/C,1/1,"452_PA_length_2233_cov_1035.014960_pilon, 458_PA_length_2233_cov_635.985988_pilon"
A/G,372,372,1,2,SNP,50.0%/50.0%,Variants,A/G,1/1,"452_PA_length_2233_cov_1035.014960_pilon, 458_PA_length_2233_cov_635.985988_pilon"
A/G,378,378,1,2,SNP,50.0%/50.0%,Variants,A/G,1/1,"452_PA_length_2233_cov_1035.014960_pilon, 458_PA_length_2233_cov_635.985988_pilon"
C/T,390,390,1,2,SNP,50.0%/50.0%,Variants,C/T,1/1,"452_PA_length_2233_cov_1035.014960_pilon, 458_PA_length_2233_cov_635.985988_pilon"
C/T,420,420,1,2,SNP,50.0%/50.0%,Variants,C/T,1/1,"452_PA_length_2233_cov_1035.014960_pilon, 458_PA_length_2233_cov_635.985988_pilon"
C/T,438,438,1,2,SNP,50.0%/50.0%,Variants,C/T,1/1,"452_PA_length_2233_cov_1035.014960_pilon, 458_PA_length_2233_cov_635.985988_pilon"
C/T,441,441,1,2,SNP,50.0%/50.0%,Variants,C/T,1/1,"452_PA_length_2233_cov_1035.014960_pilon, 458_PA_length_2233_cov_635.985988_pilon"
A/G,477,477,1,2,SNP,50.0%/50.0%,Variants,A/G,1/1,"452_PA_length_2233_cov_1035.014960_pilon, 458_PA_length_2233_cov_635.985988_pilon"
C/T,489,489,1,2,SNP,50.0%/50.0%,Variants,C/T,1/1,"452_PA_length_2233_cov_1035.014960_pilon, 458_PA_length_2233_cov_635.985988_pilon"
A/C,513,513,1,2,SNP,50.0%/50.0%,Variants,A/C,1/1,"452_PA_length_2233_cov_1035.014960_pilon, 458_PA_length_2233_cov_635.985988_pilon"
A/G,516,516,1,2,SNP,50.0%/50.0%,Variants,A/G,1/1,"452_PA_length_2233_cov_1035.014960_pilon, 458_PA_length_2233_cov_635.985988_pilon"
C/T,525,525,1,2,SNP,50.0%/50.0%,Variants,C/T,1/1,"452_PA_length_2233_cov_1035.014960_pilon, 458_PA_length_2233_cov_635.985988_pilon"
C/T,531,531,1,2,SNP,50.0%/50.0%,Variants,C/T,1/1,"452_PA_length_2233_cov_1035.014960_pilon, 458_PA_length_2233_cov_635.985988_pilon"
A/G,543,543,1,2,SNP,50.0%/50.0%,Variants,A/G,1/1,"452_PA_length_2233_cov_1035.014960_pilon, 458_PA_length_2233_cov_635.985988_pilon"
A/G,556,556,1,2,SNP,50.0%/50.0%,Variants,A/G,1/1,"452_PA_length_2233_cov_1035.014960_pilon, 458_PA_length_2233_cov_635.985988_pilon"
A/G,585,585,1,2,SNP,50.0%/50.0%,Variants,A/G,1/1,"452_PA_length_2233_cov_1035.014960_pilon, 458_PA_length_2233_cov_635.985988_pilon"
A/G,611,611,1,2,SNP,50.0%/50.0%,Variants,A/G,1/1,"452_PA_length_2233_cov_1035.014960_pilon, 458_PA_length_2233_cov_635.985988_pilon"
A/G,618,618,1,2,SNP,50.0%/50.0%,Variants,A/G,1/1,"452_PA_length_2233_cov_1035.014960_pilon, 458_PA_length_2233_cov_635.985988_pilon"
A/T,622,622,1,2,SNP,50.0%/50.0%,Variants,A/T,1/1,"452_PA_length_2233_cov_1035.014960_pilon, 458_PA_length_2233_cov_635.985988_pilon"
C/T,630,630,1,2,SNP,50.0%/50.0%,Variants,C/T,1/1,"452_PA_length_2233_cov_1035.014960_pilon, 458_PA_length_2233_cov_635.985988_pilon"
A/G,638,638,1,2,SNP,50.0%/50.0%,Variants,A/G,1/1,"452_PA_length_2233_cov_1035.014960_pilon, 458_PA_length_2233_cov_635.985988_pilon"
A/C,645,645,1,2,SNP,50.0%/50.0%,Variants,A/C,1/1,"452_PA_length_2233_cov_1035.014960_pilon, 458_PA_length_2233_cov_635.985988_pilon"
A/G,646,646,1,2,SNP,50.0%/50.0%,Variants,A/G,1/1,"452_PA_length_2233_cov_1035.014960_pilon, 458_PA_length_2233_cov_635.985988_pilon"
C/T,708,708,1,2,SNP,50.0%/50.0%,Variants,C/T,1/1,"452_PA_length_2233_cov_1035.014960_pilon, 458_PA_length_2233_cov_635.985988_pilon"
A/G,711,711,1,2,SNP,50.0%/50.0%,Variants,A/G,1/1,"452_PA_length_2233_cov_1035.014960_pilon, 458_PA_length_2233_cov_635.985988_pilon"
A/G,714,714,1,2,SNP,50.0%/50.0%,Variants,A/G,1/1,"452_PA_length_2233_cov_1035.014960_pilon, 458_PA_length_2233_cov_635.985988_pilon"
C/T,741,741,1,2,SNP,50.0%/50.0%,Variants,C/T,1/1,"452_PA_length_2233_cov_1035.014960_pilon, 458_PA_length_2233_cov_635.985988_pilon"
C/T,762,762,1,2,SNP,50.0%/50.0%,Variants,C/T,1/1,"452_PA_length_2233_cov_1035.014960_pilon, 458_PA_length_2233_cov_635.985988_pilon"
A/C,766,766,1,2,SNP,50.0%/50.0%,Variants,A/C,1/1,"452_PA_length_2233_cov_1035.014960_pilon, 458_PA_length_2233_cov_635.985988_pilon"
A/G,785,785,1,2,SNP,50.0%/50.0%,Variants,A/G,1/1,"452_PA_length_2233_cov_1035.014960_pilon, 458_PA_length_2233_cov_635.985988_pilon"
C/T,788,788,1,2,SNP,50.0%/50.0%,Variants,C/T,1/1,"452_PA_length_2233_cov_1035.014960_pilon, 458_PA_length_2233_cov_635.985988_pilon"
A/G,789,789,1,2,SNP,50.0%/50.0%,Variants,A/G,1/1,"452_PA_length_2233_cov_1035.014960_pilon, 458_PA_length_2233_cov_635.985988_pilon"
C/T,801,801,1,2,SNP,50.0%/50.0%,Variants,C/T,1/1,"452_PA_length_2233_cov_1035.014960_pilon, 458_PA_length_2233_cov_635.985988_pilon"
A/G,807,807,1,2,SNP,50.0%/50.0%,Variants,A/G,1/1,"452_PA_length_2233_cov_1035.014960_pilon, 458_PA_length_2233_cov_635.985988_pilon"
C/T,822,822,1,2,SNP,50.0%/50.0%,Variants,C/T,1/1,"452_PA_length_2233_cov_1035.014960_pilon, 458_PA_length_2233_cov_635.985988_pilon"
C/T,824,824,1,2,SNP,50.0%/50.0%,Variants,C/T,1/1,"452_PA_length_2233_cov_1035.014960_pilon, 458_PA_length_2233_cov_635.985988_pilon"
C/T,829,829,1,2,SNP,50.0%/50.0%,Variants,C/T,1/1,"452_PA_length_2233_cov_1035.014960_pilon, 458_PA_length_2233_cov_635.985988_pilon"
A/C,830,830,1,2,SNP,50.0%/50.0%,Variants,A/C,1/1,"452_PA_length_2233_cov_1035.014960_pilon, 458_PA_length_2233_cov_635.985988_pilon"
C/T,847,847,1,2,SNP,50.0%/50.0%,Variants,C/T,1/1,"452_PA_length_2233_cov_1035.014960_pilon, 458_PA_length_2233_cov_635.985988_pilon"
G/T,852,852,1,2,SNP,50.0%/50.0%,Variants,G/T,1/1,"452_PA_length_2233_cov_1035.014960_pilon, 458_PA_length_2233_cov_635.985988_pilon"
A/G,864,864,1,2,SNP,50.0%/50.0%,Variants,A/G,1/1,"452_PA_length_2233_cov_1035.014960_pilon, 458_PA_length_2233_cov_635.985988_pilon"
C/T,868,868,1,2,SNP,50.0%/50.0%,Variants,C/T,1/1,"452_PA_length_2233_cov_1035.014960_pilon, 458_PA_length_2233_cov_635.985988_pilon"
C/T,891,891,1,2,SNP,50.0%/50.0%,Variants,C/T,1/1,"452_PA_length_2233_cov_1035.014960_pilon, 458_PA_length_2233_cov_635.985988_pilon"
A/G,894,894,1,2,SNP,50.0%/50.0%,Variants,A/G,1/1,"452_PA_length_2233_cov_1035.014960_pilon, 458_PA_length_2233_cov_635.985988_pilon"
A/G,897,897,1,2,SNP,50.0%/50.0%,Variants,A/G,1/1,"452_PA_length_2233_cov_1035.014960_pilon, 458_PA_length_2233_cov_635.985988_pilon"
A/G,900,900,1,2,SNP,50.0%/50.0%,Variants,A/G,1/1,"452_PA_length_2233_cov_1035.014960_pilon, 458_PA_length_2233_cov_635.985988_pilon"
A/G,903,903,1,2,SNP,50.0%/50.0%,Variants,A/G,1/1,"452_PA_length_2233_cov_1035.014960_pilon, 458_PA_length_2233_cov_635.985988_pilon"
A/G,921,921,1,2,SNP,50.0%/50.0%,Variants,A/G,1/1,"452_PA_length_2233_cov_1035.014960_pilon, 458_PA_length_2233_cov_635.985988_pilon"
A/G,927,927,1,2,SNP,50.0%/50.0%,Variants,A/G,1/1,"452_PA_length_2233_cov_1035.014960_pilon, 458_PA_length_2233_cov_635.985988_pilon"
C/T,942,942,1,2,SNP,50.0%/50.0%,Variants,C/T,1/1,"452_PA_length_2233_cov_1035.014960_pilon, 458_PA_length_2233_cov_635.985988_pilon"
A/G,967,967,1,2,SNP,50.0%/50.0%,Variants,A/G,1/1,"452_PA_length_2233_cov_1035.014960_pilon, 458_PA_length_2233_cov_635.985988_pilon"
C/T,973,973,1,2,SNP,50.0%/50.0%,Variants,C/T,1/1,"452_PA_length_2233_cov_1035.014960_pilon, 458_PA_length_2233_cov_635.985988_pilon"
A/C,975,975,1,2,SNP,50.0%/50.0%,Variants,A/C,1/1,"452_PA_length_2233_cov_1035.014960_pilon, 458_PA_length_2233_cov_635.985988_pilon"
A/G,983,983,1,2,SNP,50.0%/50.0%,Variants,A/G,1/1,"452_PA_length_2233_cov_1035.014960_pilon, 458_PA_length_2233_cov_635.985988_pilon"
C/T,993,993,1,2,SNP,50.0%/50.0%,Variants,C/T,1/1,"452_PA_length_2233_cov_1035.014960_pilon, 458_PA_length_2233_cov_635.985988_pilon"
A/C,996,996,1,2,SNP,50.0%/50.0%,Variants,A/C,1/1,"452_PA_length_2233_cov_1035.014960_pilon, 458_PA_length_2233_cov_635.985988_pilon"
C/T,1002,1002,1,2,SNP,50.0%/50.0%,Variants,C/T,1/1,"452_PA_length_2233_cov_1035.014960_pilon, 458_PA_length_2233_cov_635.985988_pilon"
A/C,1005,1005,1,2,SNP,50.0%/50.0%,Variants,A/C,1/1,"452_PA_length_2233_cov_1035.014960_pilon, 458_PA_length_2233_cov_635.985988_pilon"
A/C,1006,1006,1,2,SNP,50.0%/50.0%,Variants,A/C,1/1,"452_PA_length_2233_cov_1035.014960_pilon, 458_PA_length_2233_cov_635.985988_pilon"
A/G,1020,1020,1,2,SNP,50.0%/50.0%,Variants,A/G,1/1,"452_PA_length_2233_cov_1035.014960_pilon, 458_PA_length_2233_cov_635.985988_pilon"
A/G,1023,1023,1,2,SNP,50.0%/50.0%,Variants,A/G,1/1,"452_PA_length_2233_cov_1035.014960_pilon, 458_PA_length_2233_cov_635.985988_pilon"
A/C,1035,1035,1,2,SNP,50.0%/50.0%,Variants,A/C,1/1,"452_PA_length_2233_cov_1035.014960_pilon, 458_PA_length_2233_cov_635.985988_pilon"
A/T,1044,1044,1,2,SNP,50.0%/50.0%,Variants,A/T,1/1,"452_PA_length_2233_cov_1035.014960_pilon, 458_PA_length_2233_cov_635.985988_pilon"
A/G,1067,1067,1,2,SNP,50.0%/50.0%,Variants,A/G,1/1,"452_PA_length_2233_cov_1035.014960_pilon, 458_PA_length_2233_cov_635.985988_pilon"
A/G,1074,1074,1,2,SNP,50.0%/50.0%,Variants,A/G,1/1,"452_PA_length_2233_cov_1035.014960_pilon, 458_PA_length_2233_cov_635.985988_pilon"
C/T,1110,1110,1,2,SNP,50.0%/50.0%,Variants,C/T,1/1,"452_PA_length_2233_cov_1035.014960_pilon, 458_PA_length_2233_cov_635.985988_pilon"
A/G,1116,1116,1,2,SNP,50.0%/50.0%,Variants,A/G,1/1,"452_PA_length_2233_cov_1035.014960_pilon, 458_PA_length_2233_cov_635.985988_pilon"
A/G,1131,1131,1,2,SNP,50.0%/50.0%,Variants,A/G,1/1,"452_PA_length_2233_cov_1035.014960_pilon, 458_PA_length_2233_cov_635.985988_pilon"
C/T,1140,1140,1,2,SNP,50.0%/50.0%,Variants,C/T,1/1,"452_PA_length_2233_cov_1035.014960_pilon, 458_PA_length_2233_cov_635.985988_pilon"
A/T,1164,1164,1,2,SNP,50.0%/50.0%,Variants,A/T,1/1,"452_PA_length_2233_cov_1035.014960_pilon, 458_PA_length_2233_cov_635.985988_pilon"
C/T,1170,1170,1,2,SNP,50.0%/50.0%,Variants,C/T,1/1,"452_PA_length_2233_cov_1035.014960_pilon, 458_PA_length_2233_cov_635.985988_pilon"
C/T,1185,1185,1,2,SNP,50.0%/50.0%,Variants,C/T,1/1,"452_PA_length_2233_cov_1035.014960_pilon, 458_PA_length_2233_cov_635.985988_pilon"
C/T,1200,1200,1,2,SNP,50.0%/50.0%,Variants,C/T,1/1,"452_PA_length_2233_cov_1035.014960_pilon, 458_PA_length_2233_cov_635.985988_pilon"
A/C,1207,1207,1,2,SNP,50.0%/50.0%,Variants,A/C,1/1,"452_PA_length_2233_cov_1035.014960_pilon, 458_PA_length_2233_cov_635.985988_pilon"
A/G,1230,1230,1,2,SNP,50.0%/50.0%,Variants,A/G,1/1,"452_PA_length_2233_cov_1035.014960_pilon, 458_PA_length_2233_cov_635.985988_pilon"
C/T,1236,1236,1,2,SNP,50.0%/50.0%,Variants,C/T,1/1,"452_PA_length_2233_cov_1035.014960_pilon, 458_PA_length_2233_cov_635.985988_pilon"
A/G,1251,1251,1,2,SNP,50.0%/50.0%,Variants,A/G,1/1,"452_PA_length_2233_cov_1035.014960_pilon, 458_PA_length_2233_cov_635.985988_pilon"
C/T,1254,1254,1,2,SNP,50.0%/50.0%,Variants,C/T,1/1,"452_PA_length_2233_cov_1035.014960_pilon, 458_PA_length_2233_cov_635.985988_pilon"
A/G,1269,1269,1,2,SNP,50.0%/50.0%,Variants,A/G,1/1,"452_PA_length_2233_cov_1035.014960_pilon, 458_PA_length_2233_cov_635.985988_pilon"
A/G,1272,1272,1,2,SNP,50.0%/50.0%,Variants,A/G,1/1,"452_PA_length_2233_cov_1035.014960_pilon, 458_PA_length_2233_cov_635.985988_pilon"
A/G,1281,1281,1,2,SNP,50.0%/50.0%,Variants,A/G,1/1,"452_PA_length_2233_cov_1035.014960_pilon, 458_PA_length_2233_cov_635.985988_pilon"
C/T,1311,1311,1,2,SNP,50.0%/50.0%,Variants,C/T,1/1,"452_PA_length_2233_cov_1035.014960_pilon, 458_PA_length_2233_cov_635.985988_pilon"
A/G,1326,1326,1,2,SNP,50.0%/50.0%,Variants,A/G,1/1,"452_PA_length_2233_cov_1035.014960_pilon, 458_PA_length_2233_cov_635.985988_pilon"
A/G,1341,1341,1,2,SNP,50.0%/50.0%,Variants,A/G,1/1,"452_PA_length_2233_cov_1035.014960_pilon, 458_PA_length_2233_cov_635.985988_pilon"
C/T,1356,1356,1,2,SNP,50.0%/50.0%,Variants,C/T,1/1,"452_PA_length_2233_cov_1035.014960_pilon, 458_PA_length_2233_cov_635.985988_pilon"
C/T,1404,1404,1,2,SNP,50.0%/50.0%,Variants,C/T,1/1,"452_PA_length_2233_cov_1035.014960_pilon, 458_PA_length_2233_cov_635.985988_pilon"
C/T,1405,1405,1,2,SNP,50.0%/50.0%,Variants,C/T,1/1,"452_PA_length_2233_cov_1035.014960_pilon, 458_PA_length_2233_cov_635.985988_pilon"
C/G,1407,1407,1,2,SNP,50.0%/50.0%,Variants,C/G,1/1,"452_PA_length_2233_cov_1035.014960_pilon, 458_PA_length_2233_cov_635.985988_pilon"
C/T,1410,1410,1,2,SNP,50.0%/50.0%,Variants,C/T,1/1,"452_PA_length_2233_cov_1035.014960_pilon, 458_PA_length_2233_cov_635.985988_pilon"
C/T,1419,1419,1,2,SNP,50.0%/50.0%,Variants,C/T,1/1,"452_PA_length_2233_cov_1035.014960_pilon, 458_PA_length_2233_cov_635.985988_pilon"
A/G,1443,1443,1,2,SNP,50.0%/50.0%,Variants,A/G,1/1,"452_PA_length_2233_cov_1035.014960_pilon, 458_PA_length_2233_cov_635.985988_pilon"
A/G,1476,1476,1,2,SNP,50.0%/50.0%,Variants,A/G,1/1,"452_PA_length_2233_cov_1035.014960_pilon, 458_PA_length_2233_cov_635.985988_pilon"
A/G,1482,1482,1,2,SNP,50.0%/50.0%,Variants,A/G,1/1,"452_PA_length_2233_cov_1035.014960_pilon, 458_PA_length_2233_cov_635.985988_pilon"
A/G,1488,1488,1,2,SNP,50.0%/50.0%,Variants,A/G,1/1,"452_PA_length_2233_cov_1035.014960_pilon, 458_PA_length_2233_cov_635.985988_pilon"
A/G,1490,1490,1,2,SNP,50.0%/50.0%,Variants,A/G,1/1,"452_PA_length_2233_cov_1035.014960_pilon, 458_PA_length_2233_cov_635.985988_pilon"
A/G,1491,1491,1,2,SNP,50.0%/50.0%,Variants,A/G,1/1,"452_PA_length_2233_cov_1035.014960_pilon, 458_PA_length_2233_cov_635.985988_pilon"
C/T,1497,1497,1,2,SNP,50.0%/50.0%,Variants,C/T,1/1,"452_PA_length_2233_cov_1035.014960_pilon, 458_PA_length_2233_cov_635.985988_pilon"
C/T,1503,1503,1,2,SNP,50.0%/50.0%,Variants,C/T,1/1,"452_PA_length_2233_cov_1035.014960_pilon, 458_PA_length_2233_cov_635.985988_pilon"
C/G,1506,1506,1,2,SNP,50.0%/50.0%,Variants,C/G,1/1,"452_PA_length_2233_cov_1035.014960_pilon, 458_PA_length_2233_cov_635.985988_pilon"
C/T,1512,1512,1,2,SNP,50.0%/50.0%,Variants,C/T,1/1,"452_PA_length_2233_cov_1035.014960_pilon, 458_PA_length_2233_cov_635.985988_pilon"
C/T,1527,1527,1,2,SNP,50.0%/50.0%,Variants,C/T,1/1,"452_PA_length_2233_cov_1035.014960_pilon, 458_PA_length_2233_cov_635.985988_pilon"
C/T,1531,1531,1,2,SNP,50.0%/50.0%,Variants,C/T,1/1,"452_PA_length_2233_cov_1035.014960_pilon, 458_PA_length_2233_cov_635.985988_pilon"
C/T,1548,1548,1,2,SNP,50.0%/50.0%,Variants,C/T,1/1,"452_PA_length_2233_cov_1035.014960_pilon, 458_PA_length_2233_cov_635.985988_pilon"
C/T,1566,1566,1,2,SNP,50.0%/50.0%,Variants,C/T,1/1,"452_PA_length_2233_cov_1035.014960_pilon, 458_PA_length_2233_cov_635.985988_pilon"
A/C,1578,1578,1,2,SNP,50.0%/50.0%,Variants,A/C,1/1,"452_PA_length_2233_cov_1035.014960_pilon, 458_PA_length_2233_cov_635.985988_pilon"
A/G,1593,1593,1,2,SNP,50.0%/50.0%,Variants,A/G,1/1,"452_PA_length_2233_cov_1035.014960_pilon, 458_PA_length_2233_cov_635.985988_pilon"
A/G,1614,1614,1,2,SNP,50.0%/50.0%,Variants,A/G,1/1,"452_PA_length_2233_cov_1035.014960_pilon, 458_PA_length_2233_cov_635.985988_pilon"
A/G,1617,1617,1,2,SNP,50.0%/50.0%,Variants,A/G,1/1,"452_PA_length_2233_cov_1035.014960_pilon, 458_PA_length_2233_cov_635.985988_pilon"
C/T,1648,1648,1,2,SNP,50.0%/50.0%,Variants,C/T,1/1,"452_PA_length_2233_cov_1035.014960_pilon, 458_PA_length_2233_cov_635.985988_pilon"
A/G,1653,1653,1,2,SNP,50.0%/50.0%,Variants,A/G,1/1,"452_PA_length_2233_cov_1035.014960_pilon, 458_PA_length_2233_cov_635.985988_pilon"
A/G,1659,1659,1,2,SNP,50.0%/50.0%,Variants,A/G,1/1,"452_PA_length_2233_cov_1035.014960_pilon, 458_PA_length_2233_cov_635.985988_pilon"
A/G,1677,1677,1,2,SNP,50.0%/50.0%,Variants,A/G,1/1,"452_PA_length_2233_cov_1035.014960_pilon, 458_PA_length_2233_cov_635.985988_pilon"
A/G,1698,1698,1,2,SNP,50.0%/50.0%,Variants,A/G,1/1,"452_PA_length_2233_cov_1035.014960_pilon, 458_PA_length_2233_cov_635.985988_pilon"
C/T,1758,1758,1,2,SNP,50.0%/50.0%,Variants,C/T,1/1,"452_PA_length_2233_cov_1035.014960_pilon, 458_PA_length_2233_cov_635.985988_pilon"
C/T,1782,1782,1,2,SNP,50.0%/50.0%,Variants,C/T,1/1,"452_PA_length_2233_cov_1035.014960_pilon, 458_PA_length_2233_cov_635.985988_pilon"
C/T,1794,1794,1,2,SNP,50.0%/50.0%,Variants,C/T,1/1,"452_PA_length_2233_cov_1035.014960_pilon, 458_PA_length_2233_cov_635.985988_pilon"
A/G,1866,1866,1,2,SNP,50.0%/50.0%,Variants,A/G,1/1,"452_PA_length_2233_cov_1035.014960_pilon, 458_PA_length_2233_cov_635.985988_pilon"
A/G,1869,1869,1,2,SNP,50.0%/50.0%,Variants,A/G,1/1,"452_PA_length_2233_cov_1035.014960_pilon, 458_PA_length_2233_cov_635.985988_pilon"
A/G,1877,1877,1,2,SNP,50.0%/50.0%,Variants,A/G,1/1,"452_PA_length_2233_cov_1035.014960_pilon, 458_PA_length_2233_cov_635.985988_pilon"
A/G,1878,1878,1,2,SNP,50.0%/50.0%,Variants,A/G,1/1,"452_PA_length_2233_cov_1035.014960_pilon, 458_PA_length_2233_cov_635.985988_pilon"
C/T,1896,1896,1,2,SNP,50.0%/50.0%,Variants,C/T,1/1,"452_PA_length_2233_cov_1035.014960_pilon, 458_PA_length_2233_cov_635.985988_pilon"
A/C,1912,1912,1,2,SNP,50.0%/50.0%,Variants,A/C,1/1,"452_PA_length_2233_cov_1035.014960_pilon, 458_PA_length_2233_cov_635.985988_pilon"
A/G,1915,1915,1,2,SNP,50.0%/50.0%,Variants,A/G,1/1,"452_PA_length_2233_cov_1035.014960_pilon, 458_PA_length_2233_cov_635.985988_pilon"
A/G,1920,1920,1,2,SNP,50.0%/50.0%,Variants,A/G,1/1,"452_PA_length_2233_cov_1035.014960_pilon, 458_PA_length_2233_cov_635.985988_pilon"
C/T,1921,1921,1,2,SNP,50.0%/50.0%,Variants,C/T,1/1,"452_PA_length_2233_cov_1035.014960_pilon, 458_PA_length_2233_cov_635.985988_pilon"
A/G,1962,1962,1,2,SNP,50.0%/50.0%,Variants,A/G,1/1,"452_PA_length_2233_cov_1035.014960_pilon, 458_PA_length_2233_cov_635.985988_pilon"
C/T,1974,1974,1,2,SNP,50.0%/50.0%,Variants,C/T,1/1,"452_PA_length_2233_cov_1035.014960_pilon, 458_PA_length_2233_cov_635.985988_pilon"
A/G,1992,1992,1,2,SNP,50.0%/50.0%,Variants,A/G,1/1,"452_PA_length_2233_cov_1035.014960_pilon, 458_PA_length_2233_cov_635.985988_pilon"
C/T,1998,1998,1,2,SNP,50.0%/50.0%,Variants,C/T,1/1,"452_PA_length_2233_cov_1035.014960_pilon, 458_PA_length_2233_cov_635.985988_pilon"
C/T,2026,2026,1,2,SNP,50.0%/50.0%,Variants,C/T,1/1,"452_PA_length_2233_cov_1035.014960_pilon, 458_PA_length_2233_cov_635.985988_pilon"
A/G,2037,2037,1,2,SNP,50.0%/50.0%,Variants,A/G,1/1,"452_PA_length_2233_cov_1035.014960_pilon, 458_PA_length_2233_cov_635.985988_pilon"
C/T,2043,2043,1,2,SNP,50.0%/50.0%,Variants,C/T,1/1,"452_PA_length_2233_cov_1035.014960_pilon, 458_PA_length_2233_cov_635.985988_pilon"
A/G,2145,2145,1,2,SNP,50.0%/50.0%,Variants,A/G,1/1,"452_PA_length_2233_cov_1035.014960_pilon, 458_PA_length_2233_cov_635.985988_pilon"
A/G,2148,2148,1,2,SNP,50.0%/50.0%,Variants,A/G,1/1,"452_PA_length_2233_cov_1035.014960_pilon, 458_PA_length_2233_cov_635.985988_pilon"
