Name,Minimum,Maximum,Length,Coverage,Polymorphism Type,Variant Frequency,Track Name,Variant Nucleotide(s),Variant Raw Frequency,Variant Sequences
A/G,66,66,1,2,SNP,50.0%/50.0%,Variants 2,A/G,1月1日,"452_PB2_length_2341_cov_1173.326957_pilon, 458_PB2_length_2341_cov_1053.796044_pilon"
C/T,81,81,1,2,SNP,50.0%/50.0%,Variants 2,C/T,1月1日,"452_PB2_length_2341_cov_1173.326957_pilon, 458_PB2_length_2341_cov_1053.796044_pilon"
A/G,117,117,1,2,SNP,50.0%/50.0%,Variants 2,A/G,1月1日,"452_PB2_length_2341_cov_1173.326957_pilon, 458_PB2_length_2341_cov_1053.796044_pilon"
A/G,123,123,1,2,SNP,50.0%/50.0%,Variants 2,A/G,1月1日,"452_PB2_length_2341_cov_1173.326957_pilon, 458_PB2_length_2341_cov_1053.796044_pilon"
C/T,129,129,1,2,SNP,50.0%/50.0%,Variants 2,C/T,1月1日,"452_PB2_length_2341_cov_1173.326957_pilon, 458_PB2_length_2341_cov_1053.796044_pilon"
A/G,161,161,1,2,SNP,50.0%/50.0%,Variants 2,A/G,1月1日,"452_PB2_length_2341_cov_1173.326957_pilon, 458_PB2_length_2341_cov_1053.796044_pilon"
A/G,177,177,1,2,SNP,50.0%/50.0%,Variants 2,A/G,1月1日,"452_PB2_length_2341_cov_1173.326957_pilon, 458_PB2_length_2341_cov_1053.796044_pilon"
A/G,182,182,1,2,SNP,50.0%/50.0%,Variants 2,A/G,1月1日,"452_PB2_length_2341_cov_1173.326957_pilon, 458_PB2_length_2341_cov_1053.796044_pilon"
A/G,207,207,1,2,SNP,50.0%/50.0%,Variants 2,A/G,1月1日,"452_PB2_length_2341_cov_1173.326957_pilon, 458_PB2_length_2341_cov_1053.796044_pilon"
A/G,267,267,1,2,SNP,50.0%/50.0%,Variants 2,A/G,1月1日,"452_PB2_length_2341_cov_1173.326957_pilon, 458_PB2_length_2341_cov_1053.796044_pilon"
A/G,303,303,1,2,SNP,50.0%/50.0%,Variants 2,A/G,1月1日,"452_PB2_length_2341_cov_1173.326957_pilon, 458_PB2_length_2341_cov_1053.796044_pilon"
C/T,327,327,1,2,SNP,50.0%/50.0%,Variants 2,C/T,1月1日,"452_PB2_length_2341_cov_1173.326957_pilon, 458_PB2_length_2341_cov_1053.796044_pilon"
C/T,345,345,1,2,SNP,50.0%/50.0%,Variants 2,C/T,1月1日,"452_PB2_length_2341_cov_1173.326957_pilon, 458_PB2_length_2341_cov_1053.796044_pilon"
C/T,357,357,1,2,SNP,50.0%/50.0%,Variants 2,C/T,1月1日,"452_PB2_length_2341_cov_1173.326957_pilon, 458_PB2_length_2341_cov_1053.796044_pilon"
A/G,363,363,1,2,SNP,50.0%/50.0%,Variants 2,A/G,1月1日,"452_PB2_length_2341_cov_1173.326957_pilon, 458_PB2_length_2341_cov_1053.796044_pilon"
A/G,372,372,1,2,SNP,50.0%/50.0%,Variants 2,A/G,1月1日,"452_PB2_length_2341_cov_1173.326957_pilon, 458_PB2_length_2341_cov_1053.796044_pilon"
C/T,402,402,1,2,SNP,50.0%/50.0%,Variants 2,C/T,1月1日,"452_PB2_length_2341_cov_1173.326957_pilon, 458_PB2_length_2341_cov_1053.796044_pilon"
C/T,411,411,1,2,SNP,50.0%/50.0%,Variants 2,C/T,1月1日,"452_PB2_length_2341_cov_1173.326957_pilon, 458_PB2_length_2341_cov_1053.796044_pilon"
A/G,426,426,1,2,SNP,50.0%/50.0%,Variants 2,A/G,1月1日,"452_PB2_length_2341_cov_1173.326957_pilon, 458_PB2_length_2341_cov_1053.796044_pilon"
A/C,427,427,1,2,SNP,50.0%/50.0%,Variants 2,A/C,1月1日,"452_PB2_length_2341_cov_1173.326957_pilon, 458_PB2_length_2341_cov_1053.796044_pilon"
A/G,456,456,1,2,SNP,50.0%/50.0%,Variants 2,A/G,1月1日,"452_PB2_length_2341_cov_1173.326957_pilon, 458_PB2_length_2341_cov_1053.796044_pilon"
C/T,462,462,1,2,SNP,50.0%/50.0%,Variants 2,C/T,1月1日,"452_PB2_length_2341_cov_1173.326957_pilon, 458_PB2_length_2341_cov_1053.796044_pilon"
A/G,495,495,1,2,SNP,50.0%/50.0%,Variants 2,A/G,1月1日,"452_PB2_length_2341_cov_1173.326957_pilon, 458_PB2_length_2341_cov_1053.796044_pilon"
A/G,546,546,1,2,SNP,50.0%/50.0%,Variants 2,A/G,1月1日,"452_PB2_length_2341_cov_1173.326957_pilon, 458_PB2_length_2341_cov_1053.796044_pilon"
A/G,550,550,1,2,SNP,50.0%/50.0%,Variants 2,A/G,1月1日,"452_PB2_length_2341_cov_1173.326957_pilon, 458_PB2_length_2341_cov_1053.796044_pilon"
A/G,558,558,1,2,SNP,50.0%/50.0%,Variants 2,A/G,1月1日,"452_PB2_length_2341_cov_1173.326957_pilon, 458_PB2_length_2341_cov_1053.796044_pilon"
A/G,603,603,1,2,SNP,50.0%/50.0%,Variants 2,A/G,1月1日,"452_PB2_length_2341_cov_1173.326957_pilon, 458_PB2_length_2341_cov_1053.796044_pilon"
A/G,630,630,1,2,SNP,50.0%/50.0%,Variants 2,A/G,1月1日,"452_PB2_length_2341_cov_1173.326957_pilon, 458_PB2_length_2341_cov_1053.796044_pilon"
C/T,639,639,1,2,SNP,50.0%/50.0%,Variants 2,C/T,1月1日,"452_PB2_length_2341_cov_1173.326957_pilon, 458_PB2_length_2341_cov_1053.796044_pilon"
C/T,654,654,1,2,SNP,50.0%/50.0%,Variants 2,C/T,1月1日,"452_PB2_length_2341_cov_1173.326957_pilon, 458_PB2_length_2341_cov_1053.796044_pilon"
A/G,657,657,1,2,SNP,50.0%/50.0%,Variants 2,A/G,1月1日,"452_PB2_length_2341_cov_1173.326957_pilon, 458_PB2_length_2341_cov_1053.796044_pilon"
A/C,672,672,1,2,SNP,50.0%/50.0%,Variants 2,A/C,1月1日,"452_PB2_length_2341_cov_1173.326957_pilon, 458_PB2_length_2341_cov_1053.796044_pilon"
C/T,694,694,1,2,SNP,50.0%/50.0%,Variants 2,C/T,1月1日,"452_PB2_length_2341_cov_1173.326957_pilon, 458_PB2_length_2341_cov_1053.796044_pilon"
C/T,786,786,1,2,SNP,50.0%/50.0%,Variants 2,C/T,1月1日,"452_PB2_length_2341_cov_1173.326957_pilon, 458_PB2_length_2341_cov_1053.796044_pilon"
A/G,792,792,1,2,SNP,50.0%/50.0%,Variants 2,A/G,1月1日,"452_PB2_length_2341_cov_1173.326957_pilon, 458_PB2_length_2341_cov_1053.796044_pilon"
A/G,834,834,1,2,SNP,50.0%/50.0%,Variants 2,A/G,1月1日,"452_PB2_length_2341_cov_1173.326957_pilon, 458_PB2_length_2341_cov_1053.796044_pilon"
A/G,864,864,1,2,SNP,50.0%/50.0%,Variants 2,A/G,1月1日,"452_PB2_length_2341_cov_1173.326957_pilon, 458_PB2_length_2341_cov_1053.796044_pilon"
A/C,877,877,1,2,SNP,50.0%/50.0%,Variants 2,A/C,1月1日,"452_PB2_length_2341_cov_1173.326957_pilon, 458_PB2_length_2341_cov_1053.796044_pilon"
A/G,897,897,1,2,SNP,50.0%/50.0%,Variants 2,A/G,1月1日,"452_PB2_length_2341_cov_1173.326957_pilon, 458_PB2_length_2341_cov_1053.796044_pilon"
A/G,909,909,1,2,SNP,50.0%/50.0%,Variants 2,A/G,1月1日,"452_PB2_length_2341_cov_1173.326957_pilon, 458_PB2_length_2341_cov_1053.796044_pilon"
A/G,918,918,1,2,SNP,50.0%/50.0%,Variants 2,A/G,1月1日,"452_PB2_length_2341_cov_1173.326957_pilon, 458_PB2_length_2341_cov_1053.796044_pilon"
A/G,924,924,1,2,SNP,50.0%/50.0%,Variants 2,A/G,1月1日,"452_PB2_length_2341_cov_1173.326957_pilon, 458_PB2_length_2341_cov_1053.796044_pilon"
A/G,955,955,1,2,SNP,50.0%/50.0%,Variants 2,A/G,1月1日,"452_PB2_length_2341_cov_1173.326957_pilon, 458_PB2_length_2341_cov_1053.796044_pilon"
C/T,966,966,1,2,SNP,50.0%/50.0%,Variants 2,C/T,1月1日,"452_PB2_length_2341_cov_1173.326957_pilon, 458_PB2_length_2341_cov_1053.796044_pilon"
A/G,1005,1005,1,2,SNP,50.0%/50.0%,Variants 2,A/G,1月1日,"452_PB2_length_2341_cov_1173.326957_pilon, 458_PB2_length_2341_cov_1053.796044_pilon"
A/C,1035,1035,1,2,SNP,50.0%/50.0%,Variants 2,A/C,1月1日,"452_PB2_length_2341_cov_1173.326957_pilon, 458_PB2_length_2341_cov_1053.796044_pilon"
A/G,1083,1083,1,2,SNP,50.0%/50.0%,Variants 2,A/G,1月1日,"452_PB2_length_2341_cov_1173.326957_pilon, 458_PB2_length_2341_cov_1053.796044_pilon"
A/G,1128,1128,1,2,SNP,50.0%/50.0%,Variants 2,A/G,1月1日,"452_PB2_length_2341_cov_1173.326957_pilon, 458_PB2_length_2341_cov_1053.796044_pilon"
A/G,1176,1176,1,2,SNP,50.0%/50.0%,Variants 2,A/G,1月1日,"452_PB2_length_2341_cov_1173.326957_pilon, 458_PB2_length_2341_cov_1053.796044_pilon"
A/G,1179,1179,1,2,SNP,50.0%/50.0%,Variants 2,A/G,1月1日,"452_PB2_length_2341_cov_1173.326957_pilon, 458_PB2_length_2341_cov_1053.796044_pilon"
A/G,1180,1180,1,2,SNP,50.0%/50.0%,Variants 2,A/G,1月1日,"452_PB2_length_2341_cov_1173.326957_pilon, 458_PB2_length_2341_cov_1053.796044_pilon"
A/T,1192,1192,1,2,SNP,50.0%/50.0%,Variants 2,A/T,1月1日,"452_PB2_length_2341_cov_1173.326957_pilon, 458_PB2_length_2341_cov_1053.796044_pilon"
A/G,1200,1200,1,2,SNP,50.0%/50.0%,Variants 2,A/G,1月1日,"452_PB2_length_2341_cov_1173.326957_pilon, 458_PB2_length_2341_cov_1053.796044_pilon"
A/G,1221,1221,1,2,SNP,50.0%/50.0%,Variants 2,A/G,1月1日,"452_PB2_length_2341_cov_1173.326957_pilon, 458_PB2_length_2341_cov_1053.796044_pilon"
C/T,1252,1252,1,2,SNP,50.0%/50.0%,Variants 2,C/T,1月1日,"452_PB2_length_2341_cov_1173.326957_pilon, 458_PB2_length_2341_cov_1053.796044_pilon"
A/G,1281,1281,1,2,SNP,50.0%/50.0%,Variants 2,A/G,1月1日,"452_PB2_length_2341_cov_1173.326957_pilon, 458_PB2_length_2341_cov_1053.796044_pilon"
A/G,1299,1299,1,2,SNP,50.0%/50.0%,Variants 2,A/G,1月1日,"452_PB2_length_2341_cov_1173.326957_pilon, 458_PB2_length_2341_cov_1053.796044_pilon"
A/G,1320,1320,1,2,SNP,50.0%/50.0%,Variants 2,A/G,1月1日,"452_PB2_length_2341_cov_1173.326957_pilon, 458_PB2_length_2341_cov_1053.796044_pilon"
A/G,1350,1350,1,2,SNP,50.0%/50.0%,Variants 2,A/G,1月1日,"452_PB2_length_2341_cov_1173.326957_pilon, 458_PB2_length_2341_cov_1053.796044_pilon"
A/G,1386,1386,1,2,SNP,50.0%/50.0%,Variants 2,A/G,1月1日,"452_PB2_length_2341_cov_1173.326957_pilon, 458_PB2_length_2341_cov_1053.796044_pilon"
A/G,1402,1402,1,2,SNP,50.0%/50.0%,Variants 2,A/G,1月1日,"452_PB2_length_2341_cov_1173.326957_pilon, 458_PB2_length_2341_cov_1053.796044_pilon"
C/T,1418,1418,1,2,SNP,50.0%/50.0%,Variants 2,C/T,1月1日,"452_PB2_length_2341_cov_1173.326957_pilon, 458_PB2_length_2341_cov_1053.796044_pilon"
A/G,1428,1428,1,2,SNP,50.0%/50.0%,Variants 2,A/G,1月1日,"452_PB2_length_2341_cov_1173.326957_pilon, 458_PB2_length_2341_cov_1053.796044_pilon"
A/G,1452,1452,1,2,SNP,50.0%/50.0%,Variants 2,A/G,1月1日,"452_PB2_length_2341_cov_1173.326957_pilon, 458_PB2_length_2341_cov_1053.796044_pilon"
A/G,1455,1455,1,2,SNP,50.0%/50.0%,Variants 2,A/G,1月1日,"452_PB2_length_2341_cov_1173.326957_pilon, 458_PB2_length_2341_cov_1053.796044_pilon"
A/G,1461,1461,1,2,SNP,50.0%/50.0%,Variants 2,A/G,1月1日,"452_PB2_length_2341_cov_1173.326957_pilon, 458_PB2_length_2341_cov_1053.796044_pilon"
C/T,1470,1470,1,2,SNP,50.0%/50.0%,Variants 2,C/T,1月1日,"452_PB2_length_2341_cov_1173.326957_pilon, 458_PB2_length_2341_cov_1053.796044_pilon"
A/G,1515,1515,1,2,SNP,50.0%/50.0%,Variants 2,A/G,1月1日,"452_PB2_length_2341_cov_1173.326957_pilon, 458_PB2_length_2341_cov_1053.796044_pilon"
A/C,1522,1522,1,2,SNP,50.0%/50.0%,Variants 2,A/C,1月1日,"452_PB2_length_2341_cov_1173.326957_pilon, 458_PB2_length_2341_cov_1053.796044_pilon"
C/T,1542,1542,1,2,SNP,50.0%/50.0%,Variants 2,C/T,1月1日,"452_PB2_length_2341_cov_1173.326957_pilon, 458_PB2_length_2341_cov_1053.796044_pilon"
A/G,1599,1599,1,2,SNP,50.0%/50.0%,Variants 2,A/G,1月1日,"452_PB2_length_2341_cov_1173.326957_pilon, 458_PB2_length_2341_cov_1053.796044_pilon"
C/T,1620,1620,1,2,SNP,50.0%/50.0%,Variants 2,C/T,1月1日,"452_PB2_length_2341_cov_1173.326957_pilon, 458_PB2_length_2341_cov_1053.796044_pilon"
A/G,1653,1653,1,2,SNP,50.0%/50.0%,Variants 2,A/G,1月1日,"452_PB2_length_2341_cov_1173.326957_pilon, 458_PB2_length_2341_cov_1053.796044_pilon"
C/T,1659,1659,1,2,SNP,50.0%/50.0%,Variants 2,C/T,1月1日,"452_PB2_length_2341_cov_1173.326957_pilon, 458_PB2_length_2341_cov_1053.796044_pilon"
A/G,1665,1665,1,2,SNP,50.0%/50.0%,Variants 2,A/G,1月1日,"452_PB2_length_2341_cov_1173.326957_pilon, 458_PB2_length_2341_cov_1053.796044_pilon"
A/T,1685,1685,1,2,SNP,50.0%/50.0%,Variants 2,A/T,1月1日,"452_PB2_length_2341_cov_1173.326957_pilon, 458_PB2_length_2341_cov_1053.796044_pilon"
A/G,1698,1698,1,2,SNP,50.0%/50.0%,Variants 2,A/G,1月1日,"452_PB2_length_2341_cov_1173.326957_pilon, 458_PB2_length_2341_cov_1053.796044_pilon"
A/G,1705,1705,1,2,SNP,50.0%/50.0%,Variants 2,A/G,1月1日,"452_PB2_length_2341_cov_1173.326957_pilon, 458_PB2_length_2341_cov_1053.796044_pilon"
C/G,1707,1707,1,2,SNP,50.0%/50.0%,Variants 2,C/G,1月1日,"452_PB2_length_2341_cov_1173.326957_pilon, 458_PB2_length_2341_cov_1053.796044_pilon"
A/T,1723,1723,1,2,SNP,50.0%/50.0%,Variants 2,A/T,1月1日,"452_PB2_length_2341_cov_1173.326957_pilon, 458_PB2_length_2341_cov_1053.796044_pilon"
A/C,1810,1810,1,2,SNP,50.0%/50.0%,Variants 2,A/C,1月1日,"452_PB2_length_2341_cov_1173.326957_pilon, 458_PB2_length_2341_cov_1053.796044_pilon"
C/T,1833,1833,1,2,SNP,50.0%/50.0%,Variants 2,C/T,1月1日,"452_PB2_length_2341_cov_1173.326957_pilon, 458_PB2_length_2341_cov_1053.796044_pilon"
C/T,1872,1872,1,2,SNP,50.0%/50.0%,Variants 2,C/T,1月1日,"452_PB2_length_2341_cov_1173.326957_pilon, 458_PB2_length_2341_cov_1053.796044_pilon"
C/T,1917,1917,1,2,SNP,50.0%/50.0%,Variants 2,C/T,1月1日,"452_PB2_length_2341_cov_1173.326957_pilon, 458_PB2_length_2341_cov_1053.796044_pilon"
A/G,1932,1932,1,2,SNP,50.0%/50.0%,Variants 2,A/G,1月1日,"452_PB2_length_2341_cov_1173.326957_pilon, 458_PB2_length_2341_cov_1053.796044_pilon"
C/T,2001,2001,1,2,SNP,50.0%/50.0%,Variants 2,C/T,1月1日,"452_PB2_length_2341_cov_1173.326957_pilon, 458_PB2_length_2341_cov_1053.796044_pilon"
A/C,2031,2031,1,2,SNP,50.0%/50.0%,Variants 2,A/C,1月1日,"452_PB2_length_2341_cov_1173.326957_pilon, 458_PB2_length_2341_cov_1053.796044_pilon"
C/T,2034,2034,1,2,SNP,50.0%/50.0%,Variants 2,C/T,1月1日,"452_PB2_length_2341_cov_1173.326957_pilon, 458_PB2_length_2341_cov_1053.796044_pilon"
C/T,2040,2040,1,2,SNP,50.0%/50.0%,Variants 2,C/T,1月1日,"452_PB2_length_2341_cov_1173.326957_pilon, 458_PB2_length_2341_cov_1053.796044_pilon"
A/C,2079,2079,1,2,SNP,50.0%/50.0%,Variants 2,A/C,1月1日,"452_PB2_length_2341_cov_1173.326957_pilon, 458_PB2_length_2341_cov_1053.796044_pilon"
A/G,2097,2097,1,2,SNP,50.0%/50.0%,Variants 2,A/G,1月1日,"452_PB2_length_2341_cov_1173.326957_pilon, 458_PB2_length_2341_cov_1053.796044_pilon"
A/G,2154,2154,1,2,SNP,50.0%/50.0%,Variants 2,A/G,1月1日,"452_PB2_length_2341_cov_1173.326957_pilon, 458_PB2_length_2341_cov_1053.796044_pilon"
A/G,2187,2187,1,2,SNP,50.0%/50.0%,Variants 2,A/G,1月1日,"452_PB2_length_2341_cov_1173.326957_pilon, 458_PB2_length_2341_cov_1053.796044_pilon"
A/G,2259,2259,1,2,SNP,50.0%/50.0%,Variants 2,A/G,1月1日,"452_PB2_length_2341_cov_1173.326957_pilon, 458_PB2_length_2341_cov_1053.796044_pilon"